<?xml version="1.0" encoding="utf-8"?>
<!--Copyright 2017 Google Inc. All Rights Reserved-->
<permissions>
    <privapp-permissions package="com.google.mds">
        <permission name="android.permission.DEVICE_POWER"/>
        <permission name="android.permission.INTERACT_ACROSS_USERS"/>
        <permission name="android.permission.MODIFY_PHONE_STATE"/>
        <permission name="android.permission.PACKAGE_USAGE_STATS"/>
        <permission name="android.permission.POST_NOTIFICATIONS"/>
        <permission name="android.permission.QUERY_USERS"/>
        <permission name="android.permission.READ_NETWORK_USAGE_HISTORY" />
        <permission name="android.permission.READ_PHONE_STATE"/>
        <permission name="android.permission.READ_PRIVILEGED_PHONE_STATE"/>
        <permission name="android.permission.REBOOT"/>
        <permission name="android.permission.SCHEDULE_EXACT_ALARM" />
        <permission name="com.google.mds.permission.MDS_DIAG"/>
        <!-- LogMaskLibrary needs to schedule exact alarms -->
        <permission name="android.permission.SCHEDULE_EXACT_ALARM" />
    </privapp-permissions>
</permissions>
